property_name,group,notes
555 Boulevard,Denali,Acquired 4/7 (first charges 5/1)
Beach Club,Denali,Full year
Castleberry Park,Denali,Acquired 4/7 (first charges 5/1)
Covered Bridge,Denali,Does not use
Farmhouse at Lantern Commons,Denali,Does not use
i5 Wynwood,Denali,Full year
Lakeshore Towers,Denali,Not currently managing - new dev/reno project on long-term hold
Olathe Commons,Denali,Pending set up
Solaire Oxford,Denali,Does not use
The Essex,Denali,Full year
Uniti Bishop Arts,Denali,Does not use
Uniti Montrose (New),Denali,Does not use
Urbania Flagler Village,Denali,Pending set up
Urbania Nomi 125,Denali,Pending set up
